-- MySQL dump 10.13  Distrib 5.7.20, for Linux (x86_64)
--
-- Host: localhost    Database: human_count
-- ------------------------------------------------------
-- Server version	5.7.14

/*!40101 SET @OLD_CHARACTER_SET_CLIENT=@@CHARACTER_SET_CLIENT */;
/*!40101 SET @OLD_CHARACTER_SET_RESULTS=@@CHARACTER_SET_RESULTS */;
/*!40101 SET @OLD_COLLATION_CONNECTION=@@COLLATION_CONNECTION */;
/*!40101 SET NAMES utf8 */;
/*!40103 SET @OLD_TIME_ZONE=@@TIME_ZONE */;
/*!40103 SET TIME_ZONE='+00:00' */;
/*!40014 SET @OLD_UNIQUE_CHECKS=@@UNIQUE_CHECKS, UNIQUE_CHECKS=0 */;
/*!40014 SET @OLD_FOREIGN_KEY_CHECKS=@@FOREIGN_KEY_CHECKS, FOREIGN_KEY_CHECKS=0 */;
/*!40101 SET @OLD_SQL_MODE=@@SQL_MODE, SQL_MODE='NO_AUTO_VALUE_ON_ZERO' */;
/*!40111 SET @OLD_SQL_NOTES=@@SQL_NOTES, SQL_NOTES=0 */;

--
-- Table structure for table `cameras`
--

DROP TABLE IF EXISTS `cameras`;
/*!40101 SET @saved_cs_client     = @@character_set_client */;
/*!40101 SET character_set_client = utf8 */;
CREATE TABLE `cameras` (
  `camera_id` varchar(255) NOT NULL COMMENT 'UUID',
  `stream_type` int(11) DEFAULT NULL COMMENT '0：主码流 1：辅码流  2：虚拟码流',
  `camera_name` varchar(255) NOT NULL COMMENT '相机名称',
  `ip` varchar(128) DEFAULT NULL COMMENT '相机ip',
  `people_count` int(11) DEFAULT NULL COMMENT '统计结果人数',
  `count_datetime` varchar(45) DEFAULT NULL COMMENT '统计结果得到的时间',
  `port` varchar(128) DEFAULT NULL COMMENT '端口',
  `channel` varchar(128) DEFAULT NULL COMMENT '通道',
  `login_name` varchar(128) DEFAULT NULL COMMENT '相机登录名',
  `password` varchar(128) DEFAULT NULL COMMENT '相机密码',
  `address` varchar(255) DEFAULT NULL COMMENT '相机地址',
  `company_name` varchar(128) DEFAULT NULL COMMENT '公司名称',
  `affiliation` varchar(128) DEFAULT NULL COMMENT '相机归属',
  `remark` varchar(128) DEFAULT NULL,
  `status` int(11) DEFAULT NULL COMMENT '码流状态 0 开启、重启 2关闭 \n\n',
  `scene_id` varchar(128) DEFAULT NULL COMMENT '标识为关于场景配置 场景id\n',
  `saved_process` varchar(256) DEFAULT NULL COMMENT '当前处理到哪张图',
  `delete_number_when_exceed` varchar(45) DEFAULT NULL COMMENT '待分析图片超过个数时删除',
  `max_perserve_frame_number` varchar(45) DEFAULT NULL COMMENT '待分析图片保留个数',
  `history_save_daynum` varchar(45) DEFAULT NULL COMMENT '历史保留天数',
  PRIMARY KEY (`camera_id`),
  KEY `1` (`camera_id`,`saved_process`)
) ENGINE=InnoDB DEFAULT CHARSET=utf8;
/*!40101 SET character_set_client = @saved_cs_client */;

--
-- Dumping data for table `cameras`
--

LOCK TABLES `cameras` WRITE;
/*!40000 ALTER TABLE `cameras` DISABLE KEYS */;
INSERT INTO `cameras` VALUES ('200',NULL,'200','192.168.1.200',1,'20180329-172303','8000','33','admin','1q2w3e4r',NULL,NULL,NULL,NULL,NULL,NULL,'20180329-172303.src.jpg',NULL,NULL,NULL),('201',NULL,'201','192.168.1.201',0,'20180329-172304','8000','34','admin','1q2w3e4r',NULL,NULL,NULL,NULL,NULL,NULL,'20180329-172304.src.jpg',NULL,NULL,NULL),('202',NULL,'202','192.168.1.202',0,'20180329-172305','8000','35','admin','1q2w3e4r',NULL,NULL,NULL,NULL,NULL,NULL,'20180329-172305.src.jpg',NULL,NULL,NULL),('203',NULL,'203','192.168.1.203',6,'20180329-172306','8000','36','admin','1q2w3e4r',NULL,NULL,NULL,NULL,NULL,NULL,'20180329-172306.src.jpg',NULL,NULL,NULL),('204',NULL,'204','192.168.1.204',8,'20180329-172307','8000','37','admin','1q2w3e4r',NULL,NULL,NULL,NULL,NULL,NULL,'20180329-172307.src.jpg',NULL,NULL,NULL),('205',NULL,'205','192.168.1.205',0,'20180329-172308','8000','38','admin','1q2w3e4r',NULL,NULL,NULL,NULL,NULL,NULL,'20180329-172308.src.jpg',NULL,NULL,NULL),('206',NULL,'206','192.168.1.206',1,'20180329-172255','8000','39','admin','1q2w3e4r',NULL,NULL,NULL,NULL,NULL,NULL,'20180329-172255.src.jpg',NULL,NULL,NULL),('207',NULL,'207','192.168.1.207',NULL,NULL,'8000','40','admin','1q2w3e4r',NULL,NULL,NULL,NULL,NULL,NULL,NULL,NULL,NULL,NULL),('208',NULL,'208','192.168.1.208',1,'20180329-172256','8000','41','admin','1q2w3e4r',NULL,NULL,NULL,NULL,NULL,NULL,'20180329-172256.src.jpg',NULL,NULL,NULL),('209',NULL,'209','192.168.1.209',4,'20180329-172257','8000','42','admin','1q2w3e4r',NULL,NULL,NULL,NULL,NULL,NULL,'20180329-172257.src.jpg',NULL,NULL,NULL),('210',NULL,'210','192.168.1.210',6,'20180329-172257','8000','43','admin','1q2w3e4r',NULL,NULL,NULL,NULL,NULL,NULL,'20180329-172257.src.jpg',NULL,NULL,NULL),('211',NULL,'211','192.168.100.240',0,'20180329-172258','8000','41','admin','1q2w3e4r',NULL,NULL,NULL,NULL,NULL,NULL,'20180329-172258.src.jpg',NULL,NULL,NULL),('215',NULL,'215','192.168.100.240',5,'20180329-172259','8000','48','admin','1q2w3e4r',NULL,NULL,NULL,NULL,NULL,NULL,'20180329-172259.src.jpg',NULL,NULL,NULL),('216',NULL,'216','192.168.100.240',6,'20180329-172300','8000','42','admin','1q2w3e4r',NULL,NULL,NULL,NULL,NULL,NULL,'20180329-172300.src.jpg',NULL,NULL,NULL),('Test',NULL,'Test','192.168.100.240',1,'B1.src.jpg','8000','34','admin','1q2w3e4r',NULL,NULL,NULL,NULL,NULL,NULL,'B1.src.jpg',NULL,NULL,NULL);
/*!40000 ALTER TABLE `cameras` ENABLE KEYS */;
UNLOCK TABLES;

--
-- Table structure for table `ia_alarm`
--

DROP TABLE IF EXISTS `ia_alarm`;
/*!40101 SET @saved_cs_client     = @@character_set_client */;
/*!40101 SET character_set_client = utf8 */;
CREATE TABLE `ia_alarm` (
  `alarm_id` int(11) NOT NULL AUTO_INCREMENT COMMENT '主键id',
  `alarm_type` varchar(30) COLLATE utf8_bin DEFAULT NULL COMMENT '报警类型 多个时逗号分隔\n0区域人数报警\n1目标临近报警\n2目标蹲/卧倒报警',
  `camera_id` varchar(255) COLLATE utf8_bin DEFAULT NULL COMMENT '对应cameras表的id',
  `server_id` varchar(255) COLLATE utf8_bin DEFAULT '0' COMMENT '服务器id',
  `alarm_state` int(11) DEFAULT '1' COMMENT '报警状态0：无效 1：有效',
  `photo_address` varchar(255) COLLATE utf8_bin DEFAULT NULL COMMENT '对应图片地址',
  `nvr_time` varchar(255) COLLATE utf8_bin DEFAULT NULL COMMENT 'nvr时间',
  `add_time` varchar(255) COLLATE utf8_bin DEFAULT NULL COMMENT '添加时间 为本地时间',
  `alarm_vpt` varchar(2048) COLLATE utf8_bin DEFAULT NULL COMMENT '区域坐标',
  `remark` varchar(500) COLLATE utf8_bin DEFAULT NULL,
  `delete_flag` varchar(255) COLLATE utf8_bin DEFAULT '1' COMMENT '0 为用户不可见，逻辑删除 1为用户可见',
  PRIMARY KEY (`alarm_id`)
) ENGINE=InnoDB AUTO_INCREMENT=240 DEFAULT CHARSET=utf8 COLLATE=utf8_bin;
/*!40101 SET character_set_client = @saved_cs_client */;

--
-- Dumping data for table `ia_alarm`
--

LOCK TABLES `ia_alarm` WRITE;
/*!40000 ALTER TABLE `ia_alarm` DISABLE KEYS */;
INSERT INTO `ia_alarm` VALUES (1,'0','203','0',1,'camera/203//../Alert/unhandled//0_203_20180116-200153.rs.jpg',NULL,'20180116-200153',NULL,NULL,'1'),(2,'0','203','0',1,'camera/203//../Alert/unhandled//0_203_20180116-200201.rs.jpg',NULL,'20180116-200201',NULL,NULL,'1'),(3,'0','203','0',1,'camera/203//../Alert/unhandled//0_203_20180116-200205.rs.jpg',NULL,'20180116-200205',NULL,NULL,'1'),(4,'0','203','0',1,'camera/203//../Alert/unhandled//0_203_20180116-200209.rs.jpg',NULL,'20180116-200209',NULL,NULL,'1'),(5,'0','203','0',1,'camera/203//../Alert/unhandled//0_203_20180116-200213.rs.jpg',NULL,'20180116-200213',NULL,NULL,'1'),(6,'0','203','0',1,'camera/203//../Alert/unhandled//0_203_20180116-200217.rs.jpg',NULL,'20180116-200217',NULL,NULL,'1'),(7,'0','203','0',1,'camera/203//../Alert/unhandled//0_203_20180116-200221.rs.jpg',NULL,'20180116-200221',NULL,NULL,'1'),(8,'0','203','0',1,'camera/203//../Alert/unhandled//0_203_20180116-200225.rs.jpg',NULL,'20180116-200225',NULL,NULL,'1'),(9,'0','203','0',1,'camera/203//../Alert/unhandled//0_203_20180116-200229.rs.jpg',NULL,'20180116-200229',NULL,NULL,'1'),(10,'0','203','0',1,'camera/203//../Alert/unhandled//0_203_20180116-200233.rs.jpg',NULL,'20180116-200233',NULL,NULL,'1'),(11,'0','203','0',1,'camera/203//../Alert/unhandled//0_203_20180116-200237.rs.jpg',NULL,'20180116-200237',NULL,NULL,'1'),(12,'0','203','0',1,'camera/203//../Alert/unhandled//0_203_20180116-200241.rs.jpg',NULL,'20180116-200241',NULL,NULL,'1'),(13,'0','203','0',1,'camera/203//../Alert/unhandled//0_203_20180116-200245.rs.jpg',NULL,'20180116-200245',NULL,NULL,'1'),(14,'0','203','0',1,'camera/203//../Alert/unhandled//0_203_20180116-200250.rs.jpg',NULL,'20180116-200250',NULL,NULL,'1'),(15,'0','203','0',1,'camera/203//../Alert/unhandled//0_203_20180116-200254.rs.jpg',NULL,'20180116-200254',NULL,NULL,'1'),(16,'0','203','0',1,'camera/203//../Alert/unhandled//0_203_20180116-200924.rs.jpg',NULL,'20180116-200924',NULL,NULL,'1'),(17,'0','203','0',1,'camera/203//../Alert/unhandled//0_203_20180125-200736.rs.jpg',NULL,'20180125-200736',NULL,NULL,'1'),(18,'0','203','0',1,'camera/203//../Alert/unhandled//0_203_20180226-144535.rs.jpg',NULL,'20180226-144535',NULL,NULL,'1'),(19,'0','203','0',1,'camera/203//../Alert/unhandled//0_203_20180226-144542.rs.jpg',NULL,'20180226-144542',NULL,NULL,'1'),(20,'0','203','0',1,'camera/203//../Alert/unhandled//0_203_20180226-144548.rs.jpg',NULL,'20180226-144548',NULL,NULL,'1'),(21,'0','203','0',1,'camera/203//../Alert/unhandled//0_203_20180226-144555.rs.jpg',NULL,'20180226-144555',NULL,NULL,'1'),(22,'0','203','0',1,'camera/203//../Alert/unhandled//0_203_20180226-144601.rs.jpg',NULL,'20180226-144601',NULL,NULL,'1'),(23,'0','203','0',1,'camera/203//../Alert/unhandled//0_203_20180226-144606.rs.jpg',NULL,'20180226-144606',NULL,NULL,'1'),(24,'0','203','0',1,'camera/203//../Alert/unhandled//0_203_20180226-144612.rs.jpg',NULL,'20180226-144612',NULL,NULL,'1'),(25,'0','203','0',1,'camera/203//../Alert/unhandled//0_203_20180226-144618.rs.jpg',NULL,'20180226-144618',NULL,NULL,'1'),(26,'0','203','0',1,'camera/203//../Alert/unhandled//0_203_20180226-144624.rs.jpg',NULL,'20180226-144624',NULL,NULL,'1'),(27,'0','203','0',1,'camera/203//../Alert/unhandled//0_203_20180226-144629.rs.jpg',NULL,'20180226-144629',NULL,NULL,'1'),(28,'0','203','0',1,'camera/203//../Alert/unhandled//0_203_20180226-144635.rs.jpg',NULL,'20180226-144635',NULL,NULL,'1'),(29,'0','203','0',1,'camera/203//../Alert/unhandled//0_203_20180226-144641.rs.jpg',NULL,'20180226-144641',NULL,NULL,'1'),(30,'0','203','0',1,'camera/203//../Alert/unhandled//0_203_20180226-144647.rs.jpg',NULL,'20180226-144647',NULL,NULL,'1'),(31,'0','203','0',1,'camera/203//../Alert/unhandled//0_203_20180226-144652.rs.jpg',NULL,'20180226-144652',NULL,NULL,'1'),(32,'0','203','0',1,'camera/203//../Alert/unhandled//0_203_20180226-144659.rs.jpg',NULL,'20180226-144659',NULL,NULL,'1'),(33,'0','203','0',1,'camera/203//../Alert/unhandled//0_203_20180226-144709.rs.jpg',NULL,'20180226-144709',NULL,NULL,'1'),(34,'0','203','0',1,'camera/203//../Alert/unhandled//0_203_20180226-144714.rs.jpg',NULL,'20180226-144714',NULL,NULL,'1'),(35,'0','203','0',1,'camera/203//../Alert/unhandled//0_203_20180226-144719.rs.jpg',NULL,'20180226-144719',NULL,NULL,'1'),(36,'0','203','0',1,'camera/203//../Alert/unhandled//0_203_20180226-144724.rs.jpg',NULL,'20180226-144724',NULL,NULL,'1'),(37,'0','203','0',1,'camera/203//../Alert/unhandled//0_203_20180226-144732.rs.jpg',NULL,'20180226-144732',NULL,NULL,'1'),(38,'0','203','0',1,'camera/203//../Alert/unhandled//0_203_20180226-144738.rs.jpg',NULL,'20180226-144738',NULL,NULL,'1'),(39,'0','203','0',1,'camera/203//../Alert/unhandled//0_203_20180226-144746.rs.jpg',NULL,'20180226-144746',NULL,NULL,'1'),(40,'0','203','0',1,'camera/203//../Alert/unhandled//0_203_20180226-144751.rs.jpg',NULL,'20180226-144751',NULL,NULL,'1'),(41,'0','203','0',1,'camera/203//../Alert/unhandled//0_203_20180226-144800.rs.jpg',NULL,'20180226-144800',NULL,NULL,'1'),(42,'0','203','0',1,'camera/203//../Alert/unhandled//0_203_20180226-144805.rs.jpg',NULL,'20180226-144805',NULL,NULL,'1'),(43,'0','203','0',1,'camera/203//../Alert/unhandled//0_203_20180226-144810.rs.jpg',NULL,'20180226-144810',NULL,NULL,'1'),(44,'0','203','0',1,'camera/203//../Alert/unhandled//0_203_20180226-144818.rs.jpg',NULL,'20180226-144818',NULL,NULL,'1'),(45,'0','203','0',1,'camera/203//../Alert/unhandled//0_203_20180226-144823.rs.jpg',NULL,'20180226-144823',NULL,NULL,'1'),(46,'0','203','0',1,'camera/203//../Alert/unhandled//0_203_20180226-144829.rs.jpg',NULL,'20180226-144829',NULL,NULL,'1'),(47,'0','203','0',1,'camera/203//../Alert/unhandled//0_203_20180226-144834.rs.jpg',NULL,'20180226-144834',NULL,NULL,'1'),(48,'0','203','0',1,'camera/203//../Alert/unhandled//0_203_20180226-144840.rs.jpg',NULL,'20180226-144840',NULL,NULL,'1'),(49,'0','203','0',1,'camera/203//../Alert/unhandled//0_203_20180226-144845.rs.jpg',NULL,'20180226-144845',NULL,NULL,'1'),(50,'0','203','0',1,'camera/203//../Alert/unhandled//0_203_20180226-144850.rs.jpg',NULL,'20180226-144850',NULL,NULL,'1'),(51,'0','203','0',1,'camera/203//../Alert/unhandled//0_203_20180226-144856.rs.jpg',NULL,'20180226-144856',NULL,NULL,'1'),(52,'0','203','0',1,'camera/203//../Alert/unhandled//0_203_20180226-144901.rs.jpg',NULL,'20180226-144901',NULL,NULL,'1'),(53,'0','203','0',1,'camera/203//../Alert/unhandled//0_203_20180226-144907.rs.jpg',NULL,'20180226-144907',NULL,NULL,'1'),(54,'0','203','0',1,'camera/203//../Alert/unhandled//0_203_20180226-144912.rs.jpg',NULL,'20180226-144912',NULL,NULL,'1'),(55,'0','203','0',1,'camera/203//../Alert/unhandled//0_203_20180226-144917.rs.jpg',NULL,'20180226-144917',NULL,NULL,'1'),(56,'0','203','0',1,'camera/203//../Alert/unhandled//0_203_20180226-144922.rs.jpg',NULL,'20180226-144922',NULL,NULL,'1'),(57,'0','203','0',1,'camera/203//../Alert/unhandled//0_203_20180226-144928.rs.jpg',NULL,'20180226-144928',NULL,NULL,'1'),(58,'0','203','0',1,'camera/203//../Alert/unhandled//0_203_20180226-144933.rs.jpg',NULL,'20180226-144933',NULL,NULL,'1'),(59,'0','203','0',1,'camera/203//../Alert/unhandled//0_203_20180226-144939.rs.jpg',NULL,'20180226-144939',NULL,NULL,'1'),(60,'0','203','0',1,'camera/203//../Alert/unhandled//0_203_20180226-144944.rs.jpg',NULL,'20180226-144944',NULL,NULL,'1'),(61,'0','203','0',1,'camera/203//../Alert/unhandled//0_203_20180226-144949.rs.jpg',NULL,'20180226-144949',NULL,NULL,'1'),(62,'0','203','0',1,'camera/203//../Alert/unhandled//0_203_20180226-144954.rs.jpg',NULL,'20180226-144954',NULL,NULL,'1'),(63,'0','208','0',1,'camera/208//../Alert/unhandled//0_208_20180226-150258.rs.jpg',NULL,'20180226-150258',NULL,NULL,'1'),(64,'0','208','0',1,'camera/208//../Alert/unhandled//0_208_20180226-150303.rs.jpg',NULL,'20180226-150303',NULL,NULL,'1'),(65,'0','208','0',1,'camera/208//../Alert/unhandled//0_208_20180226-150308.rs.jpg',NULL,'20180226-150308',NULL,NULL,'1'),(66,'0','208','0',1,'camera/208//../Alert/unhandled//0_208_20180226-150313.rs.jpg',NULL,'20180226-150313',NULL,NULL,'1'),(67,'0','208','0',1,'camera/208//../Alert/unhandled//0_208_20180226-150319.rs.jpg',NULL,'20180226-150319',NULL,NULL,'1'),(68,'0','208','0',1,'camera/208//../Alert/unhandled//0_208_20180226-150324.rs.jpg',NULL,'20180226-150324',NULL,NULL,'1'),(69,'0','208','0',1,'camera/208//../Alert/unhandled//0_208_20180226-150329.rs.jpg',NULL,'20180226-150329',NULL,NULL,'1'),(70,'0','200','0',1,'camera/200//../Alert/unhandled//0_200_20180226-151015.rs.jpg',NULL,'20180226-151015',NULL,NULL,'1'),(71,'0','200','0',1,'camera/200//../Alert/unhandled//0_200_20180226-151143.rs.jpg',NULL,'20180226-151143',NULL,NULL,'1'),(72,'0','200','0',1,'camera/200//../Alert/unhandled//0_200_20180226-152214.rs.jpg',NULL,'20180226-152214',NULL,NULL,'1'),(73,'0','200','0',1,'camera/200//../Alert/unhandled//0_200_20180226-152925.rs.jpg',NULL,'20180226-152925',NULL,NULL,'1'),(74,'0','200','0',1,'camera/200//../Alert/unhandled//0_200_20180226-153200.rs.jpg',NULL,'20180226-153200',NULL,NULL,'1'),(75,'0','200','0',1,'camera/200//../Alert/unhandled//0_200_20180226-153623.rs.jpg',NULL,'20180226-153623',NULL,NULL,'1'),(76,'0','200','0',1,'camera/200//../Alert/unhandled//0_200_20180226-154609.rs.jpg',NULL,'20180226-154609',NULL,NULL,'1'),(77,'0','200','0',1,'camera/200//../Alert/unhandled//0_200_20180226-154715.rs.jpg',NULL,'20180226-154715',NULL,NULL,'1'),(78,'0','200','0',1,'camera/200//../Alert/unhandled//0_200_20180226-154902.rs.jpg',NULL,'20180226-154902',NULL,NULL,'1'),(79,'0','200','0',1,'camera/200//../Alert/unhandled//0_200_20180226-155900.rs.jpg',NULL,'20180226-155900',NULL,NULL,'1'),(80,'0','200','0',1,'camera/200//../Alert/unhandled//0_200_20180226-160606.rs.jpg',NULL,'20180226-160606',NULL,NULL,'1'),(81,'0','200','0',1,'camera/200//../Alert/unhandled//0_200_20180226-161333.rs.jpg',NULL,'20180226-161333',NULL,NULL,'1'),(82,'0','200','0',1,'camera/200//../Alert/unhandled//0_200_20180226-161338.rs.jpg',NULL,'20180226-161338',NULL,NULL,'1'),(83,'0','200','0',1,'camera/200//../Alert/unhandled//0_200_20180226-161606.rs.jpg',NULL,'20180226-161606',NULL,NULL,'1'),(84,'0','200','0',1,'camera/200//../Alert/unhandled//0_200_20180226-161633.rs.jpg',NULL,'20180226-161633',NULL,NULL,'1'),(85,'0','200','0',1,'camera/200//../Alert/unhandled//0_200_20180226-162014.rs.jpg',NULL,'20180226-162014',NULL,NULL,'1'),(86,'0','200','0',1,'camera/200//../Alert/unhandled//0_200_20180226-164834.rs.jpg',NULL,'20180226-164834',NULL,NULL,'1'),(87,'0','200','0',1,'camera/200//../Alert/unhandled//0_200_20180226-165154.rs.jpg',NULL,'20180226-165154',NULL,NULL,'1'),(88,'0','200','0',1,'camera/200//../Alert/unhandled//0_200_20180226-165202.rs.jpg',NULL,'20180226-165202',NULL,NULL,'1'),(89,'0','200','0',1,'camera/200//../Alert/unhandled//0_200_20180226-165218.rs.jpg',NULL,'20180226-165218',NULL,NULL,'1'),(90,'0','200','0',1,'camera/200//../Alert/unhandled//0_200_20180226-165223.rs.jpg',NULL,'20180226-165223',NULL,NULL,'1'),(91,'0','200','0',1,'camera/200//../Alert/unhandled//0_200_20180226-165228.rs.jpg',NULL,'20180226-165228',NULL,NULL,'1'),(92,'0','200','0',1,'camera/200//../Alert/unhandled//0_200_20180226-165234.rs.jpg',NULL,'20180226-165234',NULL,NULL,'1'),(93,'0','200','0',1,'camera/200//../Alert/unhandled//0_200_20180226-165240.rs.jpg',NULL,'20180226-165240',NULL,NULL,'1'),(94,'0','200','0',1,'camera/200//../Alert/unhandled//0_200_20180226-170225.rs.jpg',NULL,'20180226-170225',NULL,NULL,'1'),(95,'0','200','0',1,'camera/200//../Alert/unhandled//0_200_20180226-170501.rs.jpg',NULL,'20180226-170501',NULL,NULL,'1'),(96,'0','200','0',1,'camera/200//../Alert/unhandled//0_200_20180226-171547.rs.jpg',NULL,'20180226-171547',NULL,NULL,'1'),(97,'0','200','0',1,'camera/200//../Alert/unhandled//0_200_20180226-171640.rs.jpg',NULL,'20180226-171640',NULL,NULL,'1'),(98,'0','200','0',1,'camera/200//../Alert/unhandled//0_200_20180226-171823.rs.jpg',NULL,'20180226-171823',NULL,NULL,'1'),(99,'0','200','0',1,'camera/200//../Alert/unhandled//0_200_20180226-172559.rs.jpg',NULL,'20180226-172559',NULL,NULL,'1'),(100,'0','200','0',1,'camera/200//../Alert/unhandled//0_200_20180226-172826.rs.jpg',NULL,'20180226-172826',NULL,NULL,'1'),(101,'0','200','0',1,'camera/200//../Alert/unhandled//0_200_20180226-173206.rs.jpg',NULL,'20180226-173206',NULL,NULL,'1'),(102,'0','200','0',1,'camera/200//../Alert/unhandled//0_200_20180226-173211.rs.jpg',NULL,'20180226-173211',NULL,NULL,'1'),(103,'0','200','0',1,'camera/200//../Alert/unhandled//0_200_20180226-173217.rs.jpg',NULL,'20180226-173217',NULL,NULL,'1'),(104,'0','200','0',1,'camera/200//../Alert/unhandled//0_200_20180226-173227.rs.jpg',NULL,'20180226-173227',NULL,NULL,'1'),(105,'0','200','0',1,'camera/200//../Alert/unhandled//0_200_20180226-173438.rs.jpg',NULL,'20180226-173438',NULL,NULL,'1'),(106,'0','200','0',1,'camera/200//../Alert/unhandled//0_200_20180226-173918.rs.jpg',NULL,'20180226-173918',NULL,NULL,'1'),(107,'0','200','0',1,'camera/200//../Alert/unhandled//0_200_20180226-174039.rs.jpg',NULL,'20180226-174039',NULL,NULL,'1'),(108,'0','200','0',1,'camera/200//../Alert/unhandled//0_200_20180226-174112.rs.jpg',NULL,'20180226-174112',NULL,NULL,'1'),(109,'0','200','0',1,'camera/200//../Alert/unhandled//0_200_20180226-174430.rs.jpg',NULL,'20180226-174430',NULL,NULL,'1'),(110,'0','200','0',1,'camera/200//../Alert/unhandled//0_200_20180226-174446.rs.jpg',NULL,'20180226-174446',NULL,NULL,'1'),(111,'0','200','0',1,'camera/200//../Alert/unhandled//0_200_20180226-174451.rs.jpg',NULL,'20180226-174451',NULL,NULL,'1'),(112,'0','200','0',1,'camera/200//../Alert/unhandled//0_200_20180226-175312.rs.jpg',NULL,'20180226-175312',NULL,NULL,'1'),(113,'0','200','0',1,'camera/200//../Alert/unhandled//0_200_20180226-180518.rs.jpg',NULL,'20180226-180518',NULL,NULL,'1'),(114,'0','200','0',1,'camera/200//../Alert/unhandled//0_200_20180226-180523.rs.jpg',NULL,'20180226-180523',NULL,NULL,'1'),(115,'0','200','0',1,'camera/200//../Alert/unhandled//0_200_20180226-180529.rs.jpg',NULL,'20180226-180529',NULL,NULL,'1'),(116,'0','200','0',1,'camera/200//../Alert/unhandled//0_200_20180226-180534.rs.jpg',NULL,'20180226-180534',NULL,NULL,'1'),(117,'0','200','0',1,'camera/200//../Alert/unhandled//0_200_20180226-180539.rs.jpg',NULL,'20180226-180539',NULL,NULL,'1'),(118,'0','200','0',1,'camera/200//../Alert/unhandled//0_200_20180226-180626.rs.jpg',NULL,'20180226-180626',NULL,NULL,'1'),(119,'0','200','0',1,'camera/200//../Alert/unhandled//0_200_20180226-180648.rs.jpg',NULL,'20180226-180648',NULL,NULL,'1'),(120,'0','200','0',1,'camera/200//../Alert/unhandled//0_200_20180226-180804.rs.jpg',NULL,'20180226-180804',NULL,NULL,'1'),(121,'0','200','0',1,'camera/200//../Alert/unhandled//0_200_20180226-180819.rs.jpg',NULL,'20180226-180819',NULL,NULL,'1'),(122,'0','200','0',1,'camera/200//../Alert/unhandled//0_200_20180226-180902.rs.jpg',NULL,'20180226-180902',NULL,NULL,'1'),(123,'0','200','0',1,'camera/200//../Alert/unhandled//0_200_20180226-181021.rs.jpg',NULL,'20180226-181021',NULL,NULL,'1'),(124,'0','200','0',1,'camera/200//../Alert/unhandled//0_200_20180226-181027.rs.jpg',NULL,'20180226-181027',NULL,NULL,'1'),(125,'0','200','0',1,'camera/200//../Alert/unhandled//0_200_20180226-181038.rs.jpg',NULL,'20180226-181038',NULL,NULL,'1'),(126,'0','200','0',1,'camera/200//../Alert/unhandled//0_200_20180226-182143.rs.jpg',NULL,'20180226-182143',NULL,NULL,'1'),(127,'0','200','0',1,'camera/200//../Alert/unhandled//0_200_20180226-191926.rs.jpg',NULL,'20180226-191926',NULL,NULL,'1'),(128,'0','200','0',1,'camera/200//../Alert/unhandled//0_200_20180226-191936.rs.jpg',NULL,'20180226-191936',NULL,NULL,'1'),(129,'0','203','0',1,'camera/203//../Alert/unhandled//0_203_20180226-202724.rs.jpg',NULL,'20180226-202724',NULL,NULL,'1'),(130,'0','203','0',1,'camera/203//../Alert/unhandled//0_203_20180226-202729.rs.jpg',NULL,'20180226-202729',NULL,NULL,'1'),(131,'0','203','0',1,'camera/203//../Alert/unhandled//0_203_20180226-202734.rs.jpg',NULL,'20180226-202734',NULL,NULL,'1'),(132,'0','203','0',1,'camera/203//../Alert/unhandled//0_203_20180226-202739.rs.jpg',NULL,'20180226-202739',NULL,NULL,'1'),(133,'0','203','0',1,'camera/203//../Alert/unhandled//0_203_20180226-202744.rs.jpg',NULL,'20180226-202744',NULL,NULL,'1'),(134,'0','203','0',1,'camera/203//../Alert/unhandled//0_203_20180226-202750.rs.jpg',NULL,'20180226-202750',NULL,NULL,'1'),(135,'0','203','0',1,'camera/203//../Alert/unhandled//0_203_20180226-202754.rs.jpg',NULL,'20180226-202754',NULL,NULL,'1'),(136,'0','203','0',1,'camera/203//../Alert/unhandled//0_203_20180226-202759.rs.jpg',NULL,'20180226-202759',NULL,NULL,'1'),(137,'0','203','0',1,'camera/203//../Alert/unhandled//0_203_20180226-202804.rs.jpg',NULL,'20180226-202804',NULL,NULL,'1'),(138,'0','203','0',1,'camera/203//../Alert/unhandled//0_203_20180226-202809.rs.jpg',NULL,'20180226-202809',NULL,NULL,'1'),(139,'0','203','0',1,'camera/203//../Alert/unhandled//0_203_20180226-202814.rs.jpg',NULL,'20180226-202814',NULL,NULL,'1'),(140,'0','203','0',1,'camera/203//../Alert/unhandled//0_203_20180226-202820.rs.jpg',NULL,'20180226-202820',NULL,NULL,'1'),(141,'0','203','0',1,'camera/203//../Alert/unhandled//0_203_20180226-202825.rs.jpg',NULL,'20180226-202825',NULL,NULL,'1'),(142,'0','203','0',1,'camera/203//../Alert/unhandled//0_203_20180226-202830.rs.jpg',NULL,'20180226-202830',NULL,NULL,'1'),(143,'0','203','0',1,'camera/203//../Alert/unhandled//0_203_20180226-202835.rs.jpg',NULL,'20180226-202835',NULL,NULL,'1'),(144,'0','203','0',1,'camera/203//../Alert/unhandled//0_203_20180226-202841.rs.jpg',NULL,'20180226-202841',NULL,NULL,'1'),(145,'0','203','0',1,'camera/203//../Alert/unhandled//0_203_20180226-202846.rs.jpg',NULL,'20180226-202846',NULL,NULL,'1'),(146,'0','203','0',1,'camera/203//../Alert/unhandled//0_203_20180226-202851.rs.jpg',NULL,'20180226-202851',NULL,NULL,'1'),(147,'0','203','0',1,'camera/203//../Alert/unhandled//0_203_20180226-202855.rs.jpg',NULL,'20180226-202855',NULL,NULL,'1'),(148,'0','203','0',1,'camera/203//../Alert/unhandled//0_203_20180226-202900.rs.jpg',NULL,'20180226-202900',NULL,NULL,'1'),(149,'0','203','0',1,'camera/203//../Alert/unhandled//0_203_20180226-202905.rs.jpg',NULL,'20180226-202905',NULL,NULL,'1'),(150,'0','203','0',1,'camera/203//../Alert/unhandled//0_203_20180226-202910.rs.jpg',NULL,'20180226-202910',NULL,NULL,'1'),(151,'0','203','0',1,'camera/203//../Alert/unhandled//0_203_20180226-202915.rs.jpg',NULL,'20180226-202915',NULL,NULL,'1'),(152,'0','203','0',1,'camera/203//../Alert/unhandled//0_203_20180226-202920.rs.jpg',NULL,'20180226-202920',NULL,NULL,'1'),(153,'0','203','0',1,'camera/203//../Alert/unhandled//0_203_20180226-202925.rs.jpg',NULL,'20180226-202925',NULL,NULL,'1'),(154,'0','203','0',1,'camera/203//../Alert/unhandled//0_203_20180226-202930.rs.jpg',NULL,'20180226-202930',NULL,NULL,'1'),(155,'0','203','0',1,'camera/203//../Alert/unhandled//0_203_20180226-202935.rs.jpg',NULL,'20180226-202935',NULL,NULL,'1'),(156,'0','203','0',1,'camera/203//../Alert/unhandled//0_203_20180226-202940.rs.jpg',NULL,'20180226-202940',NULL,NULL,'1'),(157,'0','203','0',1,'camera/203//../Alert/unhandled//0_203_20180226-202945.rs.jpg',NULL,'20180226-202945',NULL,NULL,'1'),(158,'0','203','0',1,'camera/203//../Alert/unhandled//0_203_20180226-202950.rs.jpg',NULL,'20180226-202950',NULL,NULL,'1'),(159,'0','203','0',1,'camera/203//../Alert/unhandled//0_203_20180226-202955.rs.jpg',NULL,'20180226-202955',NULL,NULL,'1'),(160,'0','203','0',1,'camera/203//../Alert/unhandled//0_203_20180226-203001.rs.jpg',NULL,'20180226-203001',NULL,NULL,'1'),(161,'0','203','0',1,'camera/203//../Alert/unhandled//0_203_20180226-203006.rs.jpg',NULL,'20180226-203006',NULL,NULL,'1'),(162,'0','203','0',1,'camera/203//../Alert/unhandled//0_203_20180226-203011.rs.jpg',NULL,'20180226-203011',NULL,NULL,'1'),(163,'0','203','0',1,'camera/203//../Alert/unhandled//0_203_20180226-203016.rs.jpg',NULL,'20180226-203016',NULL,NULL,'1'),(164,'0','203','0',1,'camera/203//../Alert/unhandled//0_203_20180226-203021.rs.jpg',NULL,'20180226-203021',NULL,NULL,'1'),(165,'0','203','0',1,'camera/203//../Alert/unhandled//0_203_20180226-203027.rs.jpg',NULL,'20180226-203027',NULL,NULL,'1'),(166,'0','203','0',1,'camera/203//../Alert/unhandled//0_203_20180226-203032.rs.jpg',NULL,'20180226-203032',NULL,NULL,'1'),(167,'0','203','0',1,'camera/203//../Alert/unhandled//0_203_20180226-203038.rs.jpg',NULL,'20180226-203038',NULL,NULL,'1'),(168,'0','203','0',1,'camera/203//../Alert/unhandled//0_203_20180226-203043.rs.jpg',NULL,'20180226-203043',NULL,NULL,'1'),(169,'0','203','0',1,'camera/203//../Alert/unhandled//0_203_20180226-203049.rs.jpg',NULL,'20180226-203049',NULL,NULL,'1'),(170,'0','203','0',1,'camera/203//../Alert/unhandled//0_203_20180226-203053.rs.jpg',NULL,'20180226-203053',NULL,NULL,'1'),(171,'0','203','0',1,'camera/203//../Alert/unhandled//0_203_20180226-203059.rs.jpg',NULL,'20180226-203059',NULL,NULL,'1'),(172,'0','203','0',1,'camera/203//../Alert/unhandled//0_203_20180226-203104.rs.jpg',NULL,'20180226-203104',NULL,NULL,'1'),(173,'0','203','0',1,'camera/203//../Alert/unhandled//0_203_20180226-203109.rs.jpg',NULL,'20180226-203109',NULL,NULL,'1'),(174,'0','203','0',1,'camera/203//../Alert/unhandled//0_203_20180226-203114.rs.jpg',NULL,'20180226-203114',NULL,NULL,'1'),(175,'0','203','0',1,'camera/203//../Alert/unhandled//0_203_20180226-203120.rs.jpg',NULL,'20180226-203120',NULL,NULL,'1'),(176,'0','203','0',1,'camera/203//../Alert/unhandled//0_203_20180226-203125.rs.jpg',NULL,'20180226-203125',NULL,NULL,'1'),(177,'0','203','0',1,'camera/203//../Alert/unhandled//0_203_20180226-203129.rs.jpg',NULL,'20180226-203129',NULL,NULL,'1'),(178,'0','203','0',1,'camera/203//../Alert/unhandled//0_203_20180226-203134.rs.jpg',NULL,'20180226-203134',NULL,NULL,'1'),(179,'0','203','0',1,'camera/203//../Alert/unhandled//0_203_20180226-203139.rs.jpg',NULL,'20180226-203139',NULL,NULL,'1'),(180,'0','203','0',1,'camera/203//../Alert/unhandled//0_203_20180226-203144.rs.jpg',NULL,'20180226-203144',NULL,NULL,'1'),(181,'0','203','0',1,'camera/203//../Alert/unhandled//0_203_20180226-203149.rs.jpg',NULL,'20180226-203149',NULL,NULL,'1'),(182,'0','203','0',1,'camera/203//../Alert/unhandled//0_203_20180226-203154.rs.jpg',NULL,'20180226-203154',NULL,NULL,'1'),(183,'0','203','0',1,'camera/203//../Alert/unhandled//0_203_20180226-203200.rs.jpg',NULL,'20180226-203200',NULL,NULL,'1'),(184,'0','203','0',1,'camera/203//../Alert/unhandled//0_203_20180226-203205.rs.jpg',NULL,'20180226-203205',NULL,NULL,'1'),(185,'0','203','0',1,'camera/203//../Alert/unhandled//0_203_20180226-203209.rs.jpg',NULL,'20180226-203209',NULL,NULL,'1'),(186,'0','203','0',1,'camera/203//../Alert/unhandled//0_203_20180226-203215.rs.jpg',NULL,'20180226-203215',NULL,NULL,'1'),(187,'0','203','0',1,'camera/203//../Alert/unhandled//0_203_20180226-203219.rs.jpg',NULL,'20180226-203219',NULL,NULL,'1'),(188,'0','203','0',1,'camera/203//../Alert/unhandled//0_203_20180226-203224.rs.jpg',NULL,'20180226-203224',NULL,NULL,'1'),(189,'0','203','0',1,'camera/203//../Alert/unhandled//0_203_20180226-203229.rs.jpg',NULL,'20180226-203229',NULL,NULL,'1'),(190,'0','203','0',1,'camera/203//../Alert/unhandled//0_203_20180226-203233.rs.jpg',NULL,'20180226-203233',NULL,NULL,'1'),(191,'0','200','0',1,'camera/200//../Alert/unhandled//0_200_20180329-153327.rs.jpg',NULL,'20180329-153327',NULL,NULL,'1'),(192,'0,1','200','0',1,'camera/200//../Alert/unhandled//01_200_20180329-153716.rs.jpg',NULL,'20180329-153716',NULL,NULL,'1'),(193,'0,1','200','0',1,'camera/200//../Alert/unhandled//01_200_20180329-153736.rs.jpg',NULL,'20180329-153736',NULL,NULL,'1'),(194,'0,1','200','0',1,'camera/200//../Alert/unhandled//01_200_20180329-153830.rs.jpg',NULL,'20180329-153830',NULL,NULL,'1'),(195,'0,1','200','0',1,'camera/200//../Alert/unhandled//01_200_20180329-153848.rs.jpg',NULL,'20180329-153848',NULL,NULL,'1'),(196,'0,1','200','0',1,'camera/200//../Alert/unhandled//01_200_20180329-154030.rs.jpg',NULL,'20180329-154030',NULL,NULL,'1'),(197,'0,1','200','0',1,'camera/200//../Alert/unhandled//01_200_20180329-154045.rs.jpg',NULL,'20180329-154045',NULL,NULL,'1'),(198,'0,1','200','0',1,'camera/200//../Alert/unhandled//01_200_20180329-154101.rs.jpg',NULL,'20180329-154101',NULL,NULL,'1'),(199,'0,1','200','0',1,'camera/200//../Alert/unhandled//01_200_20180329-154117.rs.jpg',NULL,'20180329-154117',NULL,NULL,'1'),(200,'0,1','200','0',1,'camera/200//../Alert/unhandled//01_200_20180329-154132.rs.jpg',NULL,'20180329-154132',NULL,NULL,'1'),(201,'0,1','200','0',1,'camera/200//../Alert/unhandled//01_200_20180329-154145.rs.jpg',NULL,'20180329-154145',NULL,NULL,'1'),(202,'0,1','200','0',1,'camera/200//../Alert/unhandled//01_200_20180329-154206.rs.jpg',NULL,'20180329-154206',NULL,NULL,'1'),(203,'0,1','200','0',1,'camera/200//../Alert/unhandled//01_200_20180329-154221.rs.jpg',NULL,'20180329-154221',NULL,NULL,'1'),(204,'0,1','200','0',1,'camera/200//../Alert/unhandled//01_200_20180329-154235.rs.jpg',NULL,'20180329-154235',NULL,NULL,'1'),(205,'0,1','200','0',1,'camera/200//../Alert/unhandled//01_200_20180329-154251.rs.jpg',NULL,'20180329-154251',NULL,NULL,'1'),(206,'1','200','0',1,'camera/200//../Alert/unhandled//1_200_20180329-154309.rs.jpg',NULL,'20180329-154309',NULL,NULL,'1'),(207,'1','200','0',1,'camera/200//../Alert/unhandled//1_200_20180329-154325.rs.jpg',NULL,'20180329-154325',NULL,NULL,'1'),(208,'1','200','0',1,'camera/200//../Alert/unhandled//1_200_20180329-154340.rs.jpg',NULL,'20180329-154340',NULL,NULL,'1'),(209,'1','210','0',1,'camera/210//../Alert/unhandled//1_210_20180329-155353.rs.jpg',NULL,'20180329-155353',NULL,NULL,'1'),(210,'1','210','0',1,'camera/210//../Alert/unhandled//1_210_20180329-155406.rs.jpg',NULL,'20180329-155406',NULL,NULL,'1'),(211,'1','210','0',1,'camera/210//../Alert/unhandled//1_210_20180329-155420.rs.jpg',NULL,'20180329-155420',NULL,NULL,'1'),(212,'1','216','0',1,'camera/216//../Alert/unhandled//1_216_20180329-155907.rs.jpg',NULL,'20180329-155907',NULL,NULL,'1'),(213,'1','216','0',1,'camera/216//../Alert/unhandled//1_216_20180329-162712.rs.jpg',NULL,'20180329-162712',NULL,NULL,'1'),(214,'1','216','0',1,'camera/216//../Alert/unhandled//1_216_20180329-162729.rs.jpg',NULL,'20180329-162729',NULL,NULL,'1'),(215,'1','216','0',1,'camera/216//../Alert/unhandled//1_216_20180329-162748.rs.jpg',NULL,'20180329-162748',NULL,NULL,'1'),(216,'1','200','0',1,'camera/200//../Alert/unhandled//1_200_20180329-162752.rs.jpg',NULL,'20180329-162752',NULL,NULL,'1'),(217,'2','200','0',1,'camera/200//../Alert/unhandled//2_200_20180329-165516.rs.jpg',NULL,'20180329-165516',NULL,NULL,'1'),(218,'2','200','0',1,'camera/200//../Alert/unhandled//2_200_20180329-165556.rs.jpg',NULL,'20180329-165556',NULL,NULL,'1'),(219,'2','200','0',1,'camera/200//../Alert/unhandled//2_200_20180329-165612.rs.jpg',NULL,'20180329-165612',NULL,NULL,'1'),(220,'2','200','0',1,'camera/200//../Alert/unhandled//2_200_20180329-165624.rs.jpg',NULL,'20180329-165624',NULL,NULL,'1'),(221,'2','200','0',1,'camera/200//../Alert/unhandled//2_200_20180329-165640.rs.jpg',NULL,'20180329-165640',NULL,NULL,'1'),(222,'2','200','0',1,'camera/200//../Alert/unhandled//2_200_20180329-165819.rs.jpg',NULL,'20180329-165819',NULL,NULL,'1'),(223,'2','200','0',1,'camera/200//../Alert/unhandled//2_200_20180329-165836.rs.jpg',NULL,'20180329-165836',NULL,NULL,'1'),(224,'2','200','0',1,'camera/200//../Alert/unhandled//2_200_20180329-170147.rs.jpg',NULL,'20180329-170147',NULL,NULL,'1'),(225,'2','200','0',1,'camera/200//../Alert/unhandled//2_200_20180329-170159.rs.jpg',NULL,'20180329-170159',NULL,NULL,'1'),(226,'2','200','0',1,'camera/200//../Alert/unhandled//2_200_20180329-170210.rs.jpg',NULL,'20180329-170210',NULL,NULL,'1'),(227,'2','200','0',1,'camera/200//../Alert/unhandled//2_200_20180329-170222.rs.jpg',NULL,'20180329-170222',NULL,NULL,'1'),(228,'2','200','0',1,'camera/200//../Alert/unhandled//2_200_20180329-170233.rs.jpg',NULL,'20180329-170233',NULL,NULL,'1'),(229,'2','200','0',1,'camera/200//../Alert/unhandled//2_200_20180329-170253.rs.jpg',NULL,'20180329-170253',NULL,NULL,'1'),(230,'1','206','0',1,'camera/206//../Alert/unhandled//1_206_20180329-170259.rs.jpg',NULL,'20180329-170259',NULL,NULL,'1'),(231,'2','200','0',1,'camera/200//../Alert/unhandled//2_200_20180329-170306.rs.jpg',NULL,'20180329-170306',NULL,NULL,'1'),(232,'2','200','0',1,'camera/200//../Alert/unhandled//2_200_20180329-170322.rs.jpg',NULL,'20180329-170322',NULL,NULL,'1'),(233,'2','200','0',1,'camera/200//../Alert/unhandled//2_200_20180329-170337.rs.jpg',NULL,'20180329-170337',NULL,NULL,'1'),(234,'1','206','0',1,'camera/206//../Alert/unhandled//1_206_20180329-170410.rs.jpg',NULL,'20180329-170410',NULL,NULL,'1'),(235,'2','200','0',1,'camera/200//../Alert/unhandled//2_200_20180329-170421.rs.jpg',NULL,'20180329-170421',NULL,NULL,'1'),(236,'2','200','0',1,'camera/200//../Alert/unhandled//2_200_20180329-170442.rs.jpg',NULL,'20180329-170442',NULL,NULL,'1'),(237,'2','200','0',1,'camera/200//../Alert/unhandled//2_200_20180329-170801.rs.jpg',NULL,'20180329-170801',NULL,NULL,'1'),(238,'1','206','0',1,'camera/206//../Alert/unhandled//1_206_20180329-170808.rs.jpg',NULL,'20180329-170808',NULL,NULL,'1'),(239,'2','200','0',1,'camera/200//../Alert/unhandled//2_200_20180329-170821.rs.jpg',NULL,'20180329-170821',NULL,NULL,'1');
/*!40000 ALTER TABLE `ia_alarm` ENABLE KEYS */;
UNLOCK TABLES;

--
-- Table structure for table `ia_config`
--

DROP TABLE IF EXISTS `ia_config`;
/*!40101 SET @saved_cs_client     = @@character_set_client */;
/*!40101 SET character_set_client = utf8 */;
CREATE TABLE `ia_config` (
  `analyse_interval` varchar(32) COLLATE utf8_unicode_ci DEFAULT '1' COMMENT '分析间隔 秒数\n',
  `pic_clean_flag` varchar(32) COLLATE utf8_unicode_ci DEFAULT '0' COMMENT '是否清除本地图片',
  `hide_notrunning_flag` varchar(32) COLLATE utf8_unicode_ci DEFAULT '0'
) ENGINE=InnoDB DEFAULT CHARSET=utf8 COLLATE=utf8_unicode_ci;
/*!40101 SET character_set_client = @saved_cs_client */;

--
-- Dumping data for table `ia_config`
--

LOCK TABLES `ia_config` WRITE;
/*!40000 ALTER TABLE `ia_config` DISABLE KEYS */;
/*!40000 ALTER TABLE `ia_config` ENABLE KEYS */;
UNLOCK TABLES;

--
-- Table structure for table `ia_mode`
--

DROP TABLE IF EXISTS `ia_mode`;
/*!40101 SET @saved_cs_client     = @@character_set_client */;
/*!40101 SET character_set_client = utf8 */;
CREATE TABLE `ia_mode` (
  `mode_id` int(11) NOT NULL AUTO_INCREMENT COMMENT '预案ID',
  `mode_name` varchar(255) COLLATE utf8_bin NOT NULL COMMENT '预案名',
  `mode_type` int(11) NOT NULL DEFAULT '0' COMMENT '预案类型\n0区域人数报警\n1目标临近报警\n2目标蹲/卧倒报警',
  `mode_week` varchar(255) COLLATE utf8_bin NOT NULL COMMENT '按星期重复\n例：星期三,星期四,星期五,星期六,',
  `mode_time` varchar(255) COLLATE utf8_bin NOT NULL COMMENT '重复时间\n例：0900-1200,1300-1600',
  `mode_cameras` varchar(255) COLLATE utf8_bin NOT NULL COMMENT '预案内包含相机ID\n例：200,201,202,203,204,205,206,207,208,209,210,211,212,215,216,',
  `mode_para` varchar(255) COLLATE utf8_bin DEFAULT NULL COMMENT '相关参数\n0区域人数报警：左上点X,左上点Y,宽度W,高度H,人数阈值\n1目标接近报警：接近距离阈值\n2目标蹲卧报警：包围框高宽比阈值\n\nNULL为默认值',
  `mode_flag` int(2) NOT NULL COMMENT '预案状态 1可用 0禁止',
  PRIMARY KEY (`mode_id`)
) ENGINE=InnoDB AUTO_INCREMENT=96 DEFAULT CHARSET=utf8 COLLATE=utf8_bin;
/*!40101 SET character_set_client = @saved_cs_client */;

--
-- Dumping data for table `ia_mode`
--

LOCK TABLES `ia_mode` WRITE;
/*!40000 ALTER TABLE `ia_mode` DISABLE KEYS */;
INSERT INTO `ia_mode` VALUES (87,'test1',0,'星期一,星期二,星期三,星期四,星期五,','0800-2359','203,','1',0),(88,'door',0,'星期一,星期二,星期三,星期四,星期五,','0800-2359','200,','1',0),(95,'200 number alert',0,'星期一,星期二,星期三,星期四,星期五,星期六,星期日,','2100-2359','200,','',1);
/*!40000 ALTER TABLE `ia_mode` ENABLE KEYS */;
UNLOCK TABLES;
/*!40103 SET TIME_ZONE=@OLD_TIME_ZONE */;

/*!40101 SET SQL_MODE=@OLD_SQL_MODE */;
/*!40014 SET FOREIGN_KEY_CHECKS=@OLD_FOREIGN_KEY_CHECKS */;
/*!40014 SET UNIQUE_CHECKS=@OLD_UNIQUE_CHECKS */;
/*!40101 SET CHARACTER_SET_CLIENT=@OLD_CHARACTER_SET_CLIENT */;
/*!40101 SET CHARACTER_SET_RESULTS=@OLD_CHARACTER_SET_RESULTS */;
/*!40101 SET COLLATION_CONNECTION=@OLD_COLLATION_CONNECTION */;
/*!40111 SET SQL_NOTES=@OLD_SQL_NOTES */;

-- Dump completed on 2018-03-29 17:23:12
